,name,country,Image,url,instagram,twitter,facebook,youtube,line,vimeo,pinterest,tumblr,Linkedin,snapchat,flickr,,
,PUMP!,CA,https://cdn.shoplightspeed.com/shops/614317/themes/7818/assets/logo.png?20190830220255,https://www.wearpump.com/us/,https://www.instagram.com/pumpunderwear,https://twitter.com/pumpunderwear,https://www.facebook.com/Pumpunderwear/,,,,,,,,,,
,AussieBum,AU,https://upload.wikimedia.org/wikipedia/commons/thumb/3/32/AussieBum_logo.svg/1280px-AussieBum_logo.svg.png,https://www.aussiebum.com,https://www.instagram.com/aussiebumjapan/,https://twitter.com/aussiebum,https://www.facebook.com/aussiebumjapan,,,,,,,,,,
,GX3,JP,https://tnt.ne.jp/pic-labo/GX3msu1.jpg,https://www.gx3underwear.com/,https://www.instagram.com/gx3_underwear/?hl=ja,https://twitter.com/menpan,https://www.facebook.com/gx3underwear/,,,,,,,,,,
,TOOT,JP,https://encrypted-tbn0.gstatic.com/images?q=tbn%3AANd9GcSAAAtKfjgUC-gIqB46eDhBIrfpFt8osO379iS1LcGdoU7ARwwu,https://www.toot.jp/ ,https://www.instagram.com/toot_jp/?hl=ja,https://twitter.com/toot_jp,https://www.facebook.com/tootjp/,,,,,,,,,,
,AQUX,JP,"https://static.wixstatic.com/media/a0caa2_7390c9b33f5043ef8cb019d067cd3fd4~mv2.jpg/v1/fill/w_252,h_69,al_c,lg_1,q_80/aquxlogo180x49.webp",https://www.aqux.net/,https://www.instagram.com/aquxjapan/,https://twitter.com/aqux_tweet,https://www.facebook.com/AQUX-152709597219/,,,,,,,,,,
,PROPAGANDA,JP,http://www.propaganda-web.com/design/gcom285/original_top_bn.jpg,http://www.propaganda-web.com/,https://www.instagram.com/propaganda_tokyo/,https://twitter.com/Propagandatokyo,https://www.facebook.com/Propagandaunderwear/,,,,,,,,,,
,UNDERSTAND,JP,https://www.rakuten.ne.jp/gold/monkey/wp-content/uploads/sites/8/2018/09/understand-logo-white.png,https://easymonkey.jp/understand/,https://www.instagram.com/easymonkey_jp/,https://twitter.com/ezmonkey,https://www.facebook.com/ezmonkey/,,,,,,,,,,
,ヒーローカラーズ,JP,,https://easymonkey.jp/herocolors/,https://www.instagram.com/easymonkey_jp/,https://twitter.com/ezmonkey,https://www.facebook.com/ezmonkey/,,,,,,,,,,
,C-IN2,US,https://cdn.shopify.com/s/files/1/1693/5647/t/20/assets/logo.png?4930,https://www.c-in2.com/,https://www.instagram.com/cin2social/?hl=ja,https://twitter.com/cin2,https://www.facebook.com/CIN2ClothingCo/,,,,,,,,,,
,ANDREW CHRISTIAN,US,https://encrypted-tbn0.gstatic.com/images?q=tbn%3AANd9GcQ16SzLdVHvmjCYesYmGDcil3NviK_aWVbH7jzUT5VBibAp_8fO,https://www.andrewchristian.com/,https://instagram.com/andrewchristianintl/,https://twitter.com/andrewchristian,https://www.facebook.com/andrewchristianinc,,,,,,,,,,
,2(X)IST,NZ,https://cdn.shopify.com/s/files/1/0021/4885/9964/files/2X-LOGO-WHITE_145x@2x.png?v=1540417524,https://2xist.com/,https://instagram.com/official2xist/,https://twitter.com/official2xist,https://www.facebook.com/2XIST,,,,,,,,,,
,MOSCHINO,IT,https://logos-download.com/wp-content/uploads/2017/05/Moschino_logo_logotype-700x233.png,https://www.moschino.com/us_en/moschino/women/clothing/underwear.html,https://www.instagram.com/moschino/,https://twitter.com/moschino,https://www.facebook.com/MOSCHINO.officialpage,,,,,,,,,,
,イージーモンキー,JP,,https://easymonkey.jp/herocolors/,https://www.instagram.com/easymonkey_jp/,https://twitter.com/ezmonkey,https://www.facebook.com/ezmonkey/,,,,,,,,,,
,DARK ROOM,UK,"https://isteam.wsimg.com/ip/303cb11d-0f7e-4bde-8106-fb13801fe083/ols/335_original/:/rs=w:400,h:400",https://darkroomcollection.com/,http://instagram.com/darkroombrand,,http://facebook.com/darkroomcollections,,,,,,,,,,
,ESTEVEZ,CO,https://cdn.shopify.com/s/files/1/0504/5213/files/LOGO-HEADER3_280x@2x.png?v=1552998744,https://www.estevezsw.com/,http://www.instagram.com/estevezbrand,https://twitter.com/shopify,https://www.facebook.com/shopify,,,,,,,,,,
,W-MAGIC,JP,https://gigaplus.makeshop.jp/wmagic/img/logo.png,https://www.wmagic.jp/,https://www.instagram.com/w_magic_jp/?hl=ja,,,,,,,,,,,,
,ADDICTED,ES,https://addicted.es/img/my-shop-logo-15514411631.jpg,https://addicted.es/en/,https://www.instagram.com/addicted_official/,https://twitter.com/addicted_offic,https://www.facebook.com/addictedofficial,,,,,,,,,,
,ES COLLECTION,ES,https://cdn11.bigcommerce.com/s-6ehfk/images/stencil/500x250/d/escollection_logo_275x185_1558738285__58448.original.png,https://escollection.es/es/,https://www.instagram.com/escollectionofficial/,https://twitter.com/escollection,https://www.facebook.com/escollectionofficial/,,,,,,,,,,
,MOCHII BEAR,US,,https://squareup.com/store/mochiibear,https://www.instagram.com/mochii__bear/?hl=ja,https://twitter.com/Mochii__Bear,https://www.facebook.com/pages/category/Clothing--Brand-/Mochii-Bear-1683659628387187/,,,,,,,,,,
,Gruff Pup,US,,https://gruffpup.com/,https://www.instagram.com/gruffpup/?hl=ja,https://twitter.com/gruffpup,https://www.facebook.com/GruffPupcom-1563536383881317/?fref=ts,,,,,,,,,,
,charlie,US,,https://www.charliebymz.com/,https://instagram.com/charliebymz/,https://twitter.com/charliebymz,https://www.facebook.com/CharlieByMZ,,,,,,,,,,
,GARODALI,US,,https://garofali.com/,https://www.instagram.com/garofali/,https://twitter.com/garofali,https://www.facebook.com/GAROFALI-115228898865988/,,,,,,,,,,
,GARÇON MODEL,CA,,https://www.garconmodel.com/,https://www.instagram.com/garconmodel/,https://twitter.com/garconmodel,http://facebook.com/garconmodel,,,,http://pinterest.com/garconmodel/,,,,,,
,Garçon Français,FR,,https://garcon-francais.fr/en,https://www.instagram.com/garconfrancais/,https://twitter.com/garconsfrancais,https://www.facebook.com/garconsfrancais/,,,,,,,,,,
,SUPAWEAR,AU,,https://supawear.com/,https://www.instagram.com/supawear/,https://twitter.com/supawear/,https://www.facebook.com/SUPAWEAR/,https://www.youtube.com/supawear/,,,https://www.pinterest.com/supawear/,,,,,,
,HELSINKI ATHLETICA,AU,,https://www.helsinkiathletica.com/,https://www.helsinkiathletica.com/helsinkiathletica,,https://www.helsinkiathletica.com/helsinkiathletica,,,,,,,,,,
,STUD,AU,,https://www.studmeup.com.au/,https://www.instagram.com/studaustralia/,,https://www.facebook.com/studaustralia,,,,,,,,,,
,Marco Marco,US,,https://marcomarcounderwear.com/,https://instagram.com/marcomarcounderwear,https://twitter.com/marcomarco_la,https://www.facebook.com/marcomarcounderwear,https://www.youtube.com/user/MarcoMarcoShow,,,,http://marcosquared.tumblr.com/,,,,,
,DIESEL,IT,,https://global.diesel.com/man/,https://www.instagram.com/diesel/?hl=ja,https://twitter.com/cellblock13la,https://www.facebook.com/Diesel.japan/?brand_redir=62659045483,,,,,,,,,,
,MEAT,US,,https://meatunderwear.com/,https://instagram.com/meatunderwear,https://twitter.com/meatunderwear,https://www.facebook.com/meatunderwear,,,,,http://meatunderwear.tumblr.com/,,,,,
,MODUS VIVENDI,GR,,https://e-modusvivendi.com/,https://instagram.com/_modus_vivendi_/,https://twitter.com/_ModusVivendi_,https://www.facebook.com/Modus.Vivendi.Underwear,https://www.youtube.com/user/ModusVivendiFashion,,,https://www.pinterest.com/modusvivendi/,,https://www.linkedin.com/company/modus-vivendi-underwear/,,,,
,BENCH,PH,,https://shop.bench.com.ph/,https://www.instagram.com/benchtm,https://www.twitter.com/benchtm,https://www.facebook.com/benchtmofficial,http://www.youtube.com/user/benchtv,,,,,,,,,
,HUNK2,US,,https://hunk2.com,https://www.instagram.com/hunk2_official/,https://twitter.com/Hunk2_official,https://www.facebook.com/hunk2.official,,,,https://www.pinterest.com/hunk2/,,,,,,
,CELL BLOCK 13,US,,https://timoteo.net/,https://instagram.com/timoteostudio,https://twitter.com/cellblock13la,https://www.facebook.com/TimoteoStudioLA/,https://www.youtube.com/user/TimoteoStudio,,,,http://studiotimoteo.tumblr.com/,,,,,
,JOSE DIAZ,US,,https://www.josediazswim.com/,https://instagram.com/josediazswim,https://twitter.com/josediazswim,https://facebook.com/josediazswim,,,,,,,,,,
,OBVIOUSLY APPAREL,AU,,https://obviously.com.au/,https://www.instagram.com/obviouslyapparel/,https://twitter.com/ObviouslyApprl,https://www.facebook.com/pages/Obviously-Underwear/162653326898,,,,https://au.pinterest.com/obviouslyapparel/,https://www.tumblr.com/blog/obviouslyapparel,,,,,
,ALONG,CO,,https://www.alongwear.com/,https://www.instagram.com/alongwear/,https://twitter.com/lolos_us,https://www.facebook.com/alongwear/,https://www.youtube.com/channel/UCqPZYIGe3mFtSkYJZWSTxrg,,,https://es.pinterest.com/alongwear,,,,,,
,2EROS,AU,,https://2eros.com/,https://www.instagram.com/2eros/,https://twitter.com/2EROS,https://www.facebook.com/2EROS.Australia,https://www.youtube.com/user/2EROSTV,,,https://in.pinterest.com/2eros/,,,,,,
,RECKON,US,,https://reckonunderwear.com/,,,,,,,,,,,,,
,GERONIMO,BG,,https://geronimo-underswim.com/,https://www.instagram.com/geronimo.official/,,https://www.facebook.com/geronimo.underwear/,,,,,,,,,,
,jack adams,US,,https://www.jackadamsusa.com,https://instagram.com/jack_adamsusa/,http://www.twitter.com/jackadamsusa,https://www.facebook.com/jackadamsusa,,,,,,,,,,
,ST33LE,US,,https://www.st33lebrand.com,https://www.instagram.com/st33lebrand/,https://twitter.com/st33lebrand,,,,,,,,,,,
,CODE 22,ES,,https://www.code22.es/shop/en/10-underwear,https://www.instagram.com/code22official/,https://twitter.com/code22men,https://www.facebook.com/Code22men/,,,,,https://code22men.tumblr.com/,,,,,
,Bully Wear,US,,https://bullywear.com/,https://www.instagram.com/bullywear/,https://twitter.com/bullywear1,https://www.facebook.com/Bully-Wear-711218089057239/,https://www.youtube.com/channel/UC2Un2fw_SLRF6QsMHx53rig,,,,,,,,,
,TRIBE,AU,,https://www.tribeswimwear.com.au/,http://instagram.com/tribeaustralia/,https://twitter.com/tribeunderwear,https://www.facebook.com/tribeswimwear/,,,,,,,,,,
,Xtremen,CO,,https://xtremen.com.co/,https://www.instagram.com/xtremeninterior/,https://twitter.com/xtremeninterior,https://www.facebook.com/Xtremeninterior/,https://www.youtube.com/channel/UC3HoR3pdgxom_GJVvAbeuEA,,,,,,,,,
,COCKSOX,AU,,https://www.cocksox.com/,https://www.instagram.com/cocksox_official/,https://twitter.com/cocksox,https://www.facebook.com/cocksox,https://www.youtube.com/channel/UCFuzo0L3CN65Ae6dOW19LkA,,https://vimeo.com/cocksox,https://www.pinterest.com.au/cocksox/,,,,,,
,WildmanT,US,,https://wildmant.com/,https://instagram.com/wildmantim,http://twitter.com/wildmantonline,https://www.facebook.com/wildmantonline,https://www.youtube.com/user/wildmantonline,,,https://www.pinterest.com/timrwildman/,http://wildmantonline.tumblr.com/,,,,,
,Nasty Pig,US,,https://store.nastypig.com/,https://www.instagram.com/nastypig/?hl=ja,https://twitter.com/nastypig,https://www.facebook.com/nastypiginc,https://www.youtube.com/channel/UCMLt0rs3lAvXvW05e5GoeJw,,,,,,https://www.snapchat.com/add/nastypiginc,,,
,GO SOFTWEAR,US,,https://www.gosoftwear.com/,http://instagram.com/gosoftwear,,https://www.facebook.com/pages/Go-Softwear/253670939347,,,,http://www.pinterest.com/softwear1/boards/,,,,,,
,SAUVAGE SWIMWEAR,US,,https://www.sauvagewear.com/,https://www.instagram.com/sauvageswimwear/,https://twitter.com/sauvageswimwear,https://www.facebook.com/sauvageswimwear/,,,,https://www.pinterest.com/SauvageSwimwear/,,,,,,
,skull & bones,US,,https://skullandbones.com/,https://www.instagram.com/skullandbones_nyc/,https://twitter.com/skullnbonesny,https://www.facebook.com/skullandbonesny,https://www.youtube.com/channel/UC_-GazaOQtutQ95YRbTZ85w,,,https://www.pinterest.ca/skullandbonesny/,,,,,,
,THE RUFF RIDER,US,,https://theruffrider.com/,https://www.instagram.com/theruffrider/,https://twitter.com/ruffriders,https://www.facebook.com/TheRuffRider,https://www.youtube.com/channel/UCFalXqY5BKUU51vcWLEEOIQ/feed,,,http://www.pinterest.com/theruffrider/,,,,,,
,Battysta,CO,,https://battysta.com/,https://www.instagram.com/battystaswimwear/,,https://www.facebook.com/BATTYSTASWIMWEAR,,,,,,,,,,
,daftboy,US,,https://daftboy.com/,https://www.instagram.com/daftboydotcom/?hl=ja,,,,,,,,,,,,
,ROUNDERBUM,US,,https://rounderbum.com/,https://www.instagram.com/rounderbum,https://twitter.com/rounderbum,https://facebook.com/rounderbum,https://www.youtube.com/channel/UCt9ZCL6EX7zIiHi1j_PtqSA,,,,,,,,,
,JOR,CO,,https://www.jor.com.co/,https://instagram.com/jor_underwear,http://twitter.com/JOR_Underwear,http://www.facebook.com/JOR-Colombia,https://www.youtube.com/user/jorunderwear1,,,,,,,,,
,MALE POWER,US,,https://malepower.com/,https://www.instagram.com/malepower_underwear/,https://twitter.com/malepowerUSA,https://www.facebook.com/malepower,,,,,,,,,,
,Wood Underwear,JP,,https://woodunderwear.jp/,https://www.instagram.com/woodunderwear.jp/,,https://www.facebook.com/woodunderwearjapan/,,,,,,,,,,
,Strapping Boy,US,,https://www.strappingboy.com/,https://instagram.com/strappingboynyc/,,,,,,,,,,,,
,ARGYLE GRANT,US,,http://www.argylegrant.com/,http://instagram.com/argylegrant,https://twitter.com/argylegrant,https://www.facebook.com/argylegrantswim,,,,,,,,,,
,GIGO,CO,,https://www.gigo.com.co/gh,https://www.instagram.com/gigounderwear/?hl=es,https://twitter.com/gigounderwear?lang=es,https://es-la.facebook.com/gigounderwear/,https://www.youtube.com/user/gigounderwear,,,,,,,,,
,MARCUSE,AU,,https://www.marcuse.com,https://instagram.com/marcuseaustralia/,,https://www.facebook.com/pages/Marcuse/405866286071,http://www.youtube.com/channel/UCrqdOFynV6YXEbhKR1wrNmw,,,,,,,,,
,EDGE,JP,,https://www.rakuten.co.jp/auc-assy-underwear/,https://www.instagram.com/egde_japan/,,,,,,,,,,,,
,ergowear,CL,,https://www.ergowear.com/,https://instagram.com/ergowear/,https://twitter.com/ergowear,https://www.facebook.com/ergowear,,,,,,,,,,
,GREGG HOMME,CA,,https://gregghomme.com/,https://instagram.com/gregghomme,https://twitter.com/gregghomme,https://www.facebook.com/gregghomme,https://www.youtube.com/user/gregghomme,,,,http://gregghomme.tumblr.com/,,,,,
,LA PERLA,IT,,https://www.laperla.com/jp/,http://instagram.com/laperlalingerie,https://twitter.com/laperlalingerie/,https://www.facebook.com/LaPerlaOfficialSite,,,,https://www.pinterest.com/laperlalingerie/?eq=la%20perla&etslf=3756,,,,,,
,Joe Snyder,MX,,https://joesnyder.com/,https://www.instagram.com/joesnyderofficial/,https://twitter.com/JoeSnyder_,https://www.facebook.com/JoeSnyderOfficial,https://www.youtube.com/user/13JOESNYDER,,,,https://joesnyderofficial.tumblr.com/,,,https://www.flickr.com/photos/68345585@N08/,,
,John Sievers,,,,,,,,,,,,,,,,
,LASC,US,,https://www.shoplasc.com/default.asp,https://www.instagram.com/shoplasc/,https://twitter.com/shoplasc,https://www.facebook.com/shoplasc/,,,,https://www.pinterest.com/shoplasc/,,,,,,
,MCKILLOP,MX,,https://www.mckstore.com/,https://www.instagram.com/MCKstore_Com/,https://www.twitter.com/MCKstoreCom/,https://www.facebook.com/MCKstoreCom/,,,,,,,,,,
,PRIVATE STRUCTURE,MY,,https://www.privatestructure.com,https://www.instagram.com/privatestructure_my,,https://www.facebook.com/PrivateStructureInternational,,,,,,,,,,
,RICK MAJORS,,,,,,,,,,,,,,,,
,BLUE BUCK,UK,,https://www.bluebuck.net/en/,https://www.instagram.com/bluebuck_adventure,http://www.twitter.com/bluebuck,http://www.facebook.com/bluebuck,,,,,,,,,,
,Unsimply Stitched,US,,https://unsimplystitched.com/,http://instagram.com/Unsimplystitched,http://www.twitter.com/onlystitched,https://www.facebook.com/UnsimplyStitched,,,,https://www.pinterest.com/unsimplystitchd/,,,,,,
,parke & ronen,,,https://www.parkeandronen.com/,http://instagram.com/parkeandronen,https://twitter.com/parkeandronen,https://facebook.com/parkeandronen,https://www.youtube.com/user/parkeandronen,,,,http://parkeandronen.tumblr.com/,,,,,
,MR-S-LEATHER,US,,https://www.mr-s-leather.com/,https://www.instagram.com/mrsleather/,https://twitter.com/MrSLeather,https://www.facebook.com/mr.s.leather.SF,https://www.youtube.com/channel/UCv2_7DmO0gVPO-gxuhfS8KQ,,,,http://mr-s-leather.tumblr.com/,,,,,
,Maskulo,RU,,https://maskulo.com/,http://instagram.com/maskulo,http://twitter.com/maskulocom,https://www.facebook.com/maskulocom,https://www.youtube.com/channel/UC4I37Pmx3n9p3NtxCrXU36Q,,,,https://maskulo.tumblr.com/,,,https://vk.com/maskulo,,
,JOCKMAIL,CN,,https://www.jockmail.co/,https://www.facebook.com/Jockmail/,https://twitter.com/JOCKMAIL1,https://www.facebook.com/Jockmail/,,,,,,,,,,
,Bum-Chums,UK,,https://bum-chums.com/,,,,,,,,,,,,,
,CAVEHERO,,,https://www.amazon.co.jp/gp/product/B074M8W577?ie=UTF8&redirect=true,,,,,,,,,,,,,
,Taddle,,,,,,,,,,,,,,,,
,Brave Person,,,,,,,,,,,,,,,,
,MENSSEXI,,,,,,,,,,,,,,,,
,XDRESS,UK,,https://xdress.com,https://instagram.com/shopxdress,https://twitter.com/xdresslingerie,https://www.facebook.com/xdress4men/,https://www.youtube.com/user/xdressAZ,,,https://www.pinterest.com/xdress/,,,,,,
,MR.B,NL,,https://www.misterb.com/en/,https://www.instagram.com/misterb.official/,https://www.twitter.com/Mister_B_Ams,https://www.facebook.com/MrB.Amsterdam,https://www.youtube.com/channel/UCp-F68SwF3cVr_dbfjlE9wg/,,,,https://misterb-amsterdam.tumblr.com/,https://www.linkedin.com/company/mister-b-trading-bv,,,,
,CROOTA,AU,,https://www.croota.com/,https://instagram.com/croota,https://twitter.com/CrootaAustralia,https://www.facebook.com/Croota.Official/,,,,,http://croota.tumblr.com/,,,,,
,eXPONENT,TW,,https://www.exponentshop.com/categories/underwear,,,,,,,,,,,,,
,UNDERZIP,TW,,https://www.underzips.com/,,,,,,,,,,,,,
,Original Beast Dept.,TW,,,,https://m.facebook.com/obd.asia20xx/,,,,,,,,,,,
,SouTong,TW,,,,,,,,,,,,,,,
,PinkHero,AU,,,,,,,,,,,,,,,
,J.J. MABILU,US,,https://jjmalibu.com/,https://www.instagram.com/jjmalibu,https://twitter.com/jj_malibu,https://www.facebook.com/jjmalibu/,https://www.youtube.com/channel/UCR8eUn8G7Mckfjy5hz6UB7Q,,,https://www.pinterest.ca/jjmalibuofficial,https://jjmalibu.tumblr.com/,,,,,
,UPBODYWEAR,TW,,,,,,,,,,,,,,,
,Good Devil,GR,,https://www.gooddevil.com/,https://www.instagram.com/gooddevil6925/,https://www.twitter.com/gooddevilundies,https://www.facebook.com/GoodDevilUnderwear/,,,,,,,,,,
,Honcho,,,,,,,,,,,,,,,,
,INIZIO,US,,http://www.inizio.us/en/2_tarrao-underwear,https://www.instagram.com/inizio_active/,,,,,,,,,,,,
,INTYMEN,MX,,https://www.intymen.com/,https://www.instagram.com/intymen_menswear/,https://twitter.com/intymen1,https://www.facebook.com/intymen.mensunderwear/,,,,https://www.pinterest.com/IntymenUndies/,,,,,,